file,type,line,frame
/Users/gabriel.amaralmercos.com/Desktop/research-javascript-test-smells/repositories/single-spa/spec/parcels/parcel-mounts-parcel.spec.js,Duplicate Assert,"{'line': 31, 'column': 10, 'index': 896}","  29 |           expect(parcelConfig1.bootstrapCalls).toBe(1);
  30 |           expect(parcelConfig1.mountCalls).toBe(1);
> 31 |           expect(parcelConfig1.unmountCalls).toBe(0);
     |          ^ Duplicate Assert
  32 |
  33 |           const parcel2 = parcelConfig1.mountProps.mountParcel(parcelConfig2, {
  34 |             domElement: document.createElement(""div""),"
/Users/gabriel.amaralmercos.com/Desktop/research-javascript-test-smells/repositories/single-spa/spec/parcels/parcel-mounts-parcel.spec.js,Duplicate Assert,"{'line': 39, 'column': 12, 'index': 1265}","  37 |             expect(parcelConfig2.bootstrapCalls).toBe(1);
  38 |             expect(parcelConfig2.mountCalls).toBe(1);
> 39 |             expect(parcelConfig2.unmountCalls).toBe(0);
     |            ^ Duplicate Assert
  40 |           });
  41 |         })
  42 |         .then(() => parcel1.unmount())"
/Users/gabriel.amaralmercos.com/Desktop/research-javascript-test-smells/repositories/single-spa/spec/parcels/parcel-mounts-parcel.spec.js,Duplicate Assert,"{'line': 45, 'column': 12, 'index': 1419}","  43 |         .then(() => {
  44 |           {
> 45 |             expect(parcelConfig1.unmountCalls).toBe(1);
     |            ^ Duplicate Assert
  46 |             expect(parcelConfig2.unmountCalls).toBe(1);
  47 |           }
  48 |         });"
/Users/gabriel.amaralmercos.com/Desktop/research-javascript-test-smells/repositories/single-spa/spec/parcels/parcel-mounts-parcel.spec.js,Duplicate Assert,"{'line': 46, 'column': 12, 'index': 1475}","  44 |           {
  45 |             expect(parcelConfig1.unmountCalls).toBe(1);
> 46 |             expect(parcelConfig2.unmountCalls).toBe(1);
     |            ^ Duplicate Assert
  47 |           }
  48 |         });
  49 |     });"
/Users/gabriel.amaralmercos.com/Desktop/research-javascript-test-smells/repositories/single-spa/spec/parcels/parcel-mounts-parcel.spec.js,Magic Number,"{'line': 19, 'column': 34, 'index': 489}","  17 |
  18 |     return singleSpa.triggerAppChange().then(() => {
> 19 |       expect(app.mountCalls).toBe(1);
     |                                  ^ Magic Number
  20 |
  21 |       const parcelConfig1 = createParcelConfig();
  22 |       const parcelConfig2 = createParcelConfig();"
/Users/gabriel.amaralmercos.com/Desktop/research-javascript-test-smells/repositories/single-spa/spec/parcels/parcel-mounts-parcel.spec.js,Magic Number,"{'line': 29, 'column': 52, 'index': 830}","  27 |       return parcel1.mountPromise
  28 |         .then(() => {
> 29 |           expect(parcelConfig1.bootstrapCalls).toBe(1);
     |                                                    ^ Magic Number
  30 |           expect(parcelConfig1.mountCalls).toBe(1);
  31 |           expect(parcelConfig1.unmountCalls).toBe(0);
  32 |"
/Users/gabriel.amaralmercos.com/Desktop/research-javascript-test-smells/repositories/single-spa/spec/parcels/parcel-mounts-parcel.spec.js,Magic Number,"{'line': 30, 'column': 48, 'index': 882}","  28 |         .then(() => {
  29 |           expect(parcelConfig1.bootstrapCalls).toBe(1);
> 30 |           expect(parcelConfig1.mountCalls).toBe(1);
     |                                                ^ Magic Number
  31 |           expect(parcelConfig1.unmountCalls).toBe(0);
  32 |
  33 |           const parcel2 = parcelConfig1.mountProps.mountParcel(parcelConfig2, {"
/Users/gabriel.amaralmercos.com/Desktop/research-javascript-test-smells/repositories/single-spa/spec/parcels/parcel-mounts-parcel.spec.js,Magic Number,"{'line': 31, 'column': 50, 'index': 936}","  29 |           expect(parcelConfig1.bootstrapCalls).toBe(1);
  30 |           expect(parcelConfig1.mountCalls).toBe(1);
> 31 |           expect(parcelConfig1.unmountCalls).toBe(0);
     |                                                  ^ Magic Number
  32 |
  33 |           const parcel2 = parcelConfig1.mountProps.mountParcel(parcelConfig2, {
  34 |             domElement: document.createElement(""div""),"
/Users/gabriel.amaralmercos.com/Desktop/research-javascript-test-smells/repositories/single-spa/spec/parcels/parcel-mounts-parcel.spec.js,Magic Number,"{'line': 37, 'column': 54, 'index': 1195}","  35 |           });
  36 |           return parcel2.mountPromise.then(() => {
> 37 |             expect(parcelConfig2.bootstrapCalls).toBe(1);
     |                                                      ^ Magic Number
  38 |             expect(parcelConfig2.mountCalls).toBe(1);
  39 |             expect(parcelConfig2.unmountCalls).toBe(0);
  40 |           });"
/Users/gabriel.amaralmercos.com/Desktop/research-javascript-test-smells/repositories/single-spa/spec/parcels/parcel-mounts-parcel.spec.js,Magic Number,"{'line': 38, 'column': 50, 'index': 1249}","  36 |           return parcel2.mountPromise.then(() => {
  37 |             expect(parcelConfig2.bootstrapCalls).toBe(1);
> 38 |             expect(parcelConfig2.mountCalls).toBe(1);
     |                                                  ^ Magic Number
  39 |             expect(parcelConfig2.unmountCalls).toBe(0);
  40 |           });
  41 |         })"
/Users/gabriel.amaralmercos.com/Desktop/research-javascript-test-smells/repositories/single-spa/spec/parcels/parcel-mounts-parcel.spec.js,Magic Number,"{'line': 39, 'column': 52, 'index': 1305}","  37 |             expect(parcelConfig2.bootstrapCalls).toBe(1);
  38 |             expect(parcelConfig2.mountCalls).toBe(1);
> 39 |             expect(parcelConfig2.unmountCalls).toBe(0);
     |                                                    ^ Magic Number
  40 |           });
  41 |         })
  42 |         .then(() => parcel1.unmount())"
/Users/gabriel.amaralmercos.com/Desktop/research-javascript-test-smells/repositories/single-spa/spec/parcels/parcel-mounts-parcel.spec.js,Magic Number,"{'line': 45, 'column': 52, 'index': 1459}","  43 |         .then(() => {
  44 |           {
> 45 |             expect(parcelConfig1.unmountCalls).toBe(1);
     |                                                    ^ Magic Number
  46 |             expect(parcelConfig2.unmountCalls).toBe(1);
  47 |           }
  48 |         });"
/Users/gabriel.amaralmercos.com/Desktop/research-javascript-test-smells/repositories/single-spa/spec/parcels/parcel-mounts-parcel.spec.js,Magic Number,"{'line': 46, 'column': 52, 'index': 1515}","  44 |           {
  45 |             expect(parcelConfig1.unmountCalls).toBe(1);
> 46 |             expect(parcelConfig2.unmountCalls).toBe(1);
     |                                                    ^ Magic Number
  47 |           }
  48 |         });
  49 |     });"
/Users/gabriel.amaralmercos.com/Desktop/research-javascript-test-smells/repositories/single-spa/spec/parcels/parcel-mounts-parcel.spec.js,Magic Number,"{'line': 63, 'column': 34, 'index': 1901}","  61 |
  62 |     return singleSpa.triggerAppChange().then(() => {
> 63 |       expect(app.mountCalls).toBe(1);
     |                                  ^ Magic Number
  64 |
  65 |       const parcelConfig1 = createParcelConfig();
  66 |       const parcelConfig2 = createParcelConfig();"
/Users/gabriel.amaralmercos.com/Desktop/research-javascript-test-smells/repositories/single-spa/spec/parcels/parcel-mounts-parcel.spec.js,Magic Number,"{'line': 90, 'column': 40, 'index': 2856}","  88 |         })
  89 |         .then(() => {
> 90 |           expect(app.unmountCalls).toBe(1);
     |                                        ^ Magic Number
  91 |           expect(parcelConfig1.unmountCalls).toBe(1);
  92 |           expect(parcelConfig2.unmountCalls).toBe(1);
  93 |           expect(parcelConfig3.unmountCalls).toBe(1);"
/Users/gabriel.amaralmercos.com/Desktop/research-javascript-test-smells/repositories/single-spa/spec/parcels/parcel-mounts-parcel.spec.js,Magic Number,"{'line': 91, 'column': 50, 'index': 2910}","  89 |         .then(() => {
  90 |           expect(app.unmountCalls).toBe(1);
> 91 |           expect(parcelConfig1.unmountCalls).toBe(1);
     |                                                  ^ Magic Number
  92 |           expect(parcelConfig2.unmountCalls).toBe(1);
  93 |           expect(parcelConfig3.unmountCalls).toBe(1);
  94 |         });"
/Users/gabriel.amaralmercos.com/Desktop/research-javascript-test-smells/repositories/single-spa/spec/parcels/parcel-mounts-parcel.spec.js,Magic Number,"{'line': 92, 'column': 50, 'index': 2964}","  90 |           expect(app.unmountCalls).toBe(1);
  91 |           expect(parcelConfig1.unmountCalls).toBe(1);
> 92 |           expect(parcelConfig2.unmountCalls).toBe(1);
     |                                                  ^ Magic Number
  93 |           expect(parcelConfig3.unmountCalls).toBe(1);
  94 |         });
  95 |     });"
/Users/gabriel.amaralmercos.com/Desktop/research-javascript-test-smells/repositories/single-spa/spec/parcels/parcel-mounts-parcel.spec.js,Magic Number,"{'line': 93, 'column': 50, 'index': 3018}","  91 |           expect(parcelConfig1.unmountCalls).toBe(1);
  92 |           expect(parcelConfig2.unmountCalls).toBe(1);
> 93 |           expect(parcelConfig3.unmountCalls).toBe(1);
     |                                                  ^ Magic Number
  94 |         });
  95 |     });
  96 |   });"
/Users/gabriel.amaralmercos.com/Desktop/research-javascript-test-smells/repositories/single-spa/spec/parcels/parcel-error-handlers.spec.js,Conditional Test Logic,"{'line': 299, 'column': 6, 'index': 9726}","  297 |     bootstrapCalls: 0,
  298 |     bootstrap() {
> 299 |       if (errLocation === ""bootstrap"") {
      |      ^ Conditional Test Logic
  300 |         return delayedSettle(Promise.reject(new Error(""bootstrap error"")));
  301 |       } else {
  302 |         parcelConfig.bootstrapCalls++;"
/Users/gabriel.amaralmercos.com/Desktop/research-javascript-test-smells/repositories/single-spa/spec/parcels/parcel-error-handlers.spec.js,Conditional Test Logic,"{'line': 309, 'column': 6, 'index': 10021}","  307 |     mountProps: null,
  308 |     mount(props) {
> 309 |       if (errLocation === ""mount"") {
      |      ^ Conditional Test Logic
  310 |         return delayedSettle(Promise.reject(new Error(""mount error"")));
  311 |       } else {
  312 |         parcelConfig.mountCalls++;"
/Users/gabriel.amaralmercos.com/Desktop/research-javascript-test-smells/repositories/single-spa/spec/parcels/parcel-error-handlers.spec.js,Conditional Test Logic,"{'line': 319, 'column': 6, 'index': 10322}","  317 |     unmountCalls: 0,
  318 |     unmount() {
> 319 |       if (errLocation === ""unmount"") {
      |      ^ Conditional Test Logic
  320 |         return delayedSettle(Promise.reject(new Error(""unmount error"")));
  321 |       } else {
  322 |         parcelConfig.unmountCalls++;"
/Users/gabriel.amaralmercos.com/Desktop/research-javascript-test-smells/repositories/single-spa/spec/parcels/mount-root-parcel.spec.js,Conditional Test Logic,"{'line': 152, 'column': 2, 'index': 5165}","  150 |   };
  151 |
> 152 |   if (opts.withUpdate) {
      |  ^ Conditional Test Logic
  153 |     parcelConfig.updateCalls = 0;
  154 |     parcelConfig.update = function (props) {
  155 |       parcelConfig.updateCalls++;"
/Users/gabriel.amaralmercos.com/Desktop/research-javascript-test-smells/repositories/single-spa/spec/apps/warning-timeouts/warning-timeouts.spec.js,Conditional Test Logic,"{'line': 86, 'column': 4, 'index': 2876}","  84 |     expect(consoleWarnSpy).toHaveBeenCalled();
  85 |     const found = consoleWarnSpy.mock.calls.some((call) => call[0] === message);
> 86 |     if (!found) {
     |    ^ Conditional Test Logic
  87 |       expect(consoleWarnSpy).toHaveBeenCalledWith(message);
  88 |     }
  89 |   }"
/Users/gabriel.amaralmercos.com/Desktop/research-javascript-test-smells/repositories/single-spa/spec/apps/profiler-basic/profiler-routing-start.spec.js,Magic Number,"{'line': 36, 'column': 39, 'index': 920}","  34 |   it(""fires successful unmountAndUnload profiler events"", async () => {
  35 |     const profilesBefore = getProfilerEventsByKind(""unmountAndUnload"");
> 36 |     expect(profilesBefore.length).toBe(0);
     |                                       ^ Magic Number
  37 |
  38 |     singleSpa.registerApplication({
  39 |       name: ""unmountAndUnload profiler success"","
/Users/gabriel.amaralmercos.com/Desktop/research-javascript-test-smells/repositories/single-spa/spec/apps/profiler-basic/profiler-routing-start.spec.js,Magic Number,"{'line': 47, 'column': 49, 'index': 1228}","  45 |
  46 |     const profilesAfter = getProfilerEventsByKind(""unmountAndUnload"");
> 47 |     expect(profilesAfter.length).toBeGreaterThan(0);
     |                                                 ^ Magic Number
  48 |     expect(profilesAfter[0].operationSucceeded).toBe(true);
  49 |   });
  50 |"
/Users/gabriel.amaralmercos.com/Desktop/research-javascript-test-smells/repositories/single-spa/spec/apps/profiler-basic/profiler-routing-start.spec.js,Magic Number,"{'line': 53, 'column': 39, 'index': 1474}","  51 |   it(""fires successful loadAndMount profiler events"", async () => {
  52 |     const profilesBefore = getProfilerEventsByKind(""loadAndMount"");
> 53 |     expect(profilesBefore.length).toBe(0);
     |                                       ^ Magic Number
  54 |
  55 |     singleSpa.registerApplication({
  56 |       name: ""loadAndMount profiler success"","
/Users/gabriel.amaralmercos.com/Desktop/research-javascript-test-smells/repositories/single-spa/spec/apps/profiler-basic/profiler-routing-start.spec.js,Magic Number,"{'line': 64, 'column': 49, 'index': 1774}","  62 |
  63 |     const profilesAfter = getProfilerEventsByKind(""loadAndMount"");
> 64 |     expect(profilesAfter.length).toBeGreaterThan(0);
     |                                                 ^ Magic Number
  65 |     expect(profilesAfter[0].operationSucceeded).toBe(true);
  66 |   });
  67 |"
/Users/gabriel.amaralmercos.com/Desktop/research-javascript-test-smells/repositories/single-spa/spec/apps/profiler-basic/profiler-routing-start.spec.js,Magic Number,"{'line': 70, 'column': 39, 'index': 2021}","  68 |   it(""fires navigationCanceled profiler events"", async () => {
  69 |     const profilesBefore = getProfilerEventsByKind(""navigationCanceled"");
> 70 |     expect(profilesBefore.length).toBe(0);
     |                                       ^ Magic Number
  71 |
  72 |     window.addEventListener(
  73 |       ""single-spa:before-routing-event"","
/Users/gabriel.amaralmercos.com/Desktop/research-javascript-test-smells/repositories/single-spa/spec/apps/profiler-basic/profiler-routing-start.spec.js,Magic Number,"{'line': 80, 'column': 38, 'index': 2282}","  78 |
  79 |     const profilesAfter = getProfilerEventsByKind(""navigationCanceled"");
> 80 |     expect(profilesAfter.length).toBe(1);
     |                                      ^ Magic Number
  81 |
  82 |     window.removeEventListener(
  83 |       ""single-spa:before-routing-event"","
/Users/gabriel.amaralmercos.com/Desktop/research-javascript-test-smells/repositories/single-spa/spec/apps/profiler-basic/profiler-routing-no-start.spec.js,Magic Number,"{'line': 28, 'column': 39, 'index': 694}","  26 |   it(""fires successful loadApp profiler events"", async () => {
  27 |     const profilesBefore = getProfilerEventsByKind(""loadApps"");
> 28 |     expect(profilesBefore.length).toBe(0);
     |                                       ^ Magic Number
  29 |
  30 |     singleSpa.registerApplication({
  31 |       name: ""loadApp profiler success"","
/Users/gabriel.amaralmercos.com/Desktop/research-javascript-test-smells/repositories/single-spa/spec/apps/profiler-basic/profiler-routing-no-start.spec.js,Magic Number,"{'line': 39, 'column': 49, 'index': 985}","  37 |
  38 |     const profilesAfter = getProfilerEventsByKind(""loadApps"");
> 39 |     expect(profilesAfter.length).toBeGreaterThan(0);
     |                                                 ^ Magic Number
  40 |     expect(profilesAfter[0].operationSucceeded).toBe(true);
  41 |   });
  42 |"
/Users/gabriel.amaralmercos.com/Desktop/research-javascript-test-smells/repositories/single-spa/spec/apps/profiler-basic/profiler-basic.spec.js,Magic Number,"{'line': 265, 'column': 41, 'index': 8452}","  263 |     it(""captures successful bootstrap events"", async () => {
  264 |       const profilesBefore = getProfilerEventsByKind(""bootstrap"", ""parcel"");
> 265 |       expect(profilesBefore.length).toBe(0);
      |                                         ^ Magic Number
  266 |
  267 |       const parcel = singleSpa.mountRootParcel(parcelConfig, props);
  268 |       await parcel.bootstrapPromise;"
/Users/gabriel.amaralmercos.com/Desktop/research-javascript-test-smells/repositories/single-spa/spec/apps/profiler-basic/profiler-basic.spec.js,Magic Number,"{'line': 271, 'column': 40, 'index': 8680}","  269 |
  270 |       const profilesAfter = getProfilerEventsByKind(""bootstrap"", ""parcel"");
> 271 |       expect(profilesAfter.length).toBe(1);
      |                                        ^ Magic Number
  272 |       expect(profilesAfter[0].operationSucceeded).toBe(true);
  273 |     });
  274 |"
/Users/gabriel.amaralmercos.com/Desktop/research-javascript-test-smells/repositories/single-spa/spec/apps/profiler-basic/profiler-basic.spec.js,Magic Number,"{'line': 277, 'column': 41, 'index': 8926}","  275 |     it(""captures successful mount events"", async () => {
  276 |       const profilesBefore = getProfilerEventsByKind(""mount"", ""parcel"");
> 277 |       expect(profilesBefore.length).toBe(0);
      |                                         ^ Magic Number
  278 |
  279 |       const parcel = singleSpa.mountRootParcel(parcelConfig, props);
  280 |       await parcel.mountPromise;"
/Users/gabriel.amaralmercos.com/Desktop/research-javascript-test-smells/repositories/single-spa/spec/apps/profiler-basic/profiler-basic.spec.js,Magic Number,"{'line': 283, 'column': 40, 'index': 9146}","  281 |
  282 |       const profilesAfter = getProfilerEventsByKind(""mount"", ""parcel"");
> 283 |       expect(profilesAfter.length).toBe(1);
      |                                        ^ Magic Number
  284 |       expect(profilesAfter[0].operationSucceeded).toBe(true);
  285 |     });
  286 |"
/Users/gabriel.amaralmercos.com/Desktop/research-javascript-test-smells/repositories/single-spa/spec/apps/profiler-basic/profiler-basic.spec.js,Magic Number,"{'line': 289, 'column': 41, 'index': 9394}","  287 |     it(""captures successful update events"", async () => {
  288 |       const profilesBefore = getProfilerEventsByKind(""update"", ""parcel"");
> 289 |       expect(profilesBefore.length).toBe(0);
      |                                         ^ Magic Number
  290 |
  291 |       const parcel = singleSpa.mountRootParcel(parcelConfig, props);
  292 |       await parcel.mountPromise;"
/Users/gabriel.amaralmercos.com/Desktop/research-javascript-test-smells/repositories/single-spa/spec/apps/profiler-basic/profiler-basic.spec.js,Magic Number,"{'line': 296, 'column': 40, 'index': 9649}","  294 |
  295 |       const profilesAfter = getProfilerEventsByKind(""update"", ""parcel"");
> 296 |       expect(profilesAfter.length).toBe(1);
      |                                        ^ Magic Number
  297 |       expect(profilesAfter[0].operationSucceeded).toBe(true);
  298 |     });
  299 |"
/Users/gabriel.amaralmercos.com/Desktop/research-javascript-test-smells/repositories/single-spa/spec/apps/profiler-basic/profiler-basic.spec.js,Magic Number,"{'line': 302, 'column': 41, 'index': 9899}","  300 |     it(""captures successful unmount events"", async () => {
  301 |       const profilesBefore = getProfilerEventsByKind(""unmount"", ""parcel"");
> 302 |       expect(profilesBefore.length).toBe(0);
      |                                         ^ Magic Number
  303 |
  304 |       const parcel = singleSpa.mountRootParcel(parcelConfig, props);
  305 |       await parcel.mountPromise;"
/Users/gabriel.amaralmercos.com/Desktop/research-javascript-test-smells/repositories/single-spa/spec/apps/profiler-basic/profiler-basic.spec.js,Magic Number,"{'line': 309, 'column': 40, 'index': 10151}","  307 |
  308 |       const profilesAfter = getProfilerEventsByKind(""unmount"", ""parcel"");
> 309 |       expect(profilesAfter.length).toBe(1);
      |                                        ^ Magic Number
  310 |       expect(profilesAfter[0].operationSucceeded).toBe(true);
  311 |     });
  312 |   });"
/Users/gabriel.amaralmercos.com/Desktop/research-javascript-test-smells/repositories/single-spa/spec/apps/partial-rerouting/partial-rerouting.spec.js,Duplicate Assert,"{'line': 46, 'column': 4, 'index': 1134}","  44 |     await Promise.all([singleSpa.triggerAppChange(), promise]);
  45 |
> 46 |     expect(bootstrapped).toBeFalsy();
     |    ^ Duplicate Assert
  47 |     expect(mounted).toBeFalsy();
  48 |     expect(unmounted).toBeFalsy();
  49 |"
/Users/gabriel.amaralmercos.com/Desktop/research-javascript-test-smells/repositories/single-spa/spec/apps/partial-rerouting/partial-rerouting.spec.js,Duplicate Assert,"{'line': 47, 'column': 4, 'index': 1172}","  45 |
  46 |     expect(bootstrapped).toBeFalsy();
> 47 |     expect(mounted).toBeFalsy();
     |    ^ Duplicate Assert
  48 |     expect(unmounted).toBeFalsy();
  49 |
  50 |     singleSpa.navigateToUrl(activeHash);"
/Users/gabriel.amaralmercos.com/Desktop/research-javascript-test-smells/repositories/single-spa/spec/apps/partial-rerouting/partial-rerouting.spec.js,Duplicate Assert,"{'line': 48, 'column': 4, 'index': 1205}","  46 |     expect(bootstrapped).toBeFalsy();
  47 |     expect(mounted).toBeFalsy();
> 48 |     expect(unmounted).toBeFalsy();
     |    ^ Duplicate Assert
  49 |
  50 |     singleSpa.navigateToUrl(activeHash);
  51 |     await singleSpa.triggerAppChange();"
/Users/gabriel.amaralmercos.com/Desktop/research-javascript-test-smells/repositories/single-spa/spec/apps/partial-rerouting/partial-rerouting.spec.js,Duplicate Assert,"{'line': 53, 'column': 4, 'index': 1323}","  51 |     await singleSpa.triggerAppChange();
  52 |
> 53 |     expect(bootstrapped).toBeTruthy();
     |    ^ Duplicate Assert
  54 |     expect(mounted).toBeTruthy();
  55 |
  56 |     singleSpa.navigateToUrl(""#another-url"");"
/Users/gabriel.amaralmercos.com/Desktop/research-javascript-test-smells/repositories/single-spa/spec/apps/partial-rerouting/partial-rerouting.spec.js,Duplicate Assert,"{'line': 54, 'column': 4, 'index': 1362}","  52 |
  53 |     expect(bootstrapped).toBeTruthy();
> 54 |     expect(mounted).toBeTruthy();
     |    ^ Duplicate Assert
  55 |
  56 |     singleSpa.navigateToUrl(""#another-url"");
  57 |     await singleSpa.triggerAppChange();"
/Users/gabriel.amaralmercos.com/Desktop/research-javascript-test-smells/repositories/single-spa/spec/apps/partial-rerouting/partial-rerouting.spec.js,Duplicate Assert,"{'line': 59, 'column': 4, 'index': 1483}","  57 |     await singleSpa.triggerAppChange();
  58 |
> 59 |     expect(unmounted).toBeTruthy();
     |    ^ Duplicate Assert
  60 |   });
  61 |
  62 |   it(""should bootstrap and mount second app succcessfully, but should skip bootstrapping and mounting first app if the route has been changed"", async () => {"
/Users/gabriel.amaralmercos.com/Desktop/research-javascript-test-smells/repositories/single-spa/spec/apps/partial-rerouting/partial-rerouting.spec.js,Duplicate Assert,"{'line': 117, 'column': 4, 'index': 2985}","  115 |     await Promise.all([singleSpa.triggerAppChange(), promise]);
  116 |
> 117 |     expect(firstAppBootstrapped).toBeFalsy();
      |    ^ Duplicate Assert
  118 |     expect(secondAppBootstrapped).toBeTruthy();
  119 |     expect(secondAppMounted).toBeTruthy();
  120 |     expect(secondAppUnmounted).toBeFalsy();"
/Users/gabriel.amaralmercos.com/Desktop/research-javascript-test-smells/repositories/single-spa/spec/apps/partial-rerouting/partial-rerouting.spec.js,Duplicate Assert,"{'line': 120, 'column': 4, 'index': 3122}","  118 |     expect(secondAppBootstrapped).toBeTruthy();
  119 |     expect(secondAppMounted).toBeTruthy();
> 120 |     expect(secondAppUnmounted).toBeFalsy();
      |    ^ Duplicate Assert
  121 |
  122 |     singleSpa.navigateToUrl(firstAppActiveHash);
  123 |     await singleSpa.triggerAppChange();"
/Users/gabriel.amaralmercos.com/Desktop/research-javascript-test-smells/repositories/single-spa/spec/apps/partial-rerouting/partial-rerouting.spec.js,Duplicate Assert,"{'line': 125, 'column': 4, 'index': 3257}","  123 |     await singleSpa.triggerAppChange();
  124 |
> 125 |     expect(secondAppUnmounted).toBeTruthy();
      |    ^ Duplicate Assert
  126 |     expect(firstAppBootstrapped).toBeTruthy();
  127 |     expect(firstAppMounted).toBeTruthy();
  128 |   });"
/Users/gabriel.amaralmercos.com/Desktop/research-javascript-test-smells/repositories/single-spa/spec/apps/partial-rerouting/partial-rerouting.spec.js,Duplicate Assert,"{'line': 126, 'column': 4, 'index': 3302}","  124 |
  125 |     expect(secondAppUnmounted).toBeTruthy();
> 126 |     expect(firstAppBootstrapped).toBeTruthy();
      |    ^ Duplicate Assert
  127 |     expect(firstAppMounted).toBeTruthy();
  128 |   });
  129 | });"
/Users/gabriel.amaralmercos.com/Desktop/research-javascript-test-smells/repositories/single-spa/spec/apps/invalid-load-function/invalid-load-function.spec.js,Conditional Test Logic,"{'line': 103, 'column': 6, 'index': 2949}","  101 |     function loadFunction() {
  102 |       count++;
> 103 |       if (count === 1) return Promise.reject(`It didn't load`);
      |      ^ Conditional Test Logic
  104 |       else
  105 |         return Promise.resolve({
  106 |           bootstrap: () => new Promise(),"
/Users/gabriel.amaralmercos.com/Desktop/research-javascript-test-smells/repositories/single-spa/spec/apps/invalid-load-function/invalid-load-function.spec.js,Magic Number,"{'line': 34, 'column': 42, 'index': 778}","  32 |
  33 |     return singleSpa.triggerAppChange().then(() => {
> 34 |       expect(errs.length).toBeGreaterThan(0);
     |                                          ^ Magic Number
  35 |       expect(errs[0].appOrParcelName).toBe(""invalid-load-1"");
  36 |       expect(
  37 |         errs[0].message.indexOf("
/Users/gabriel.amaralmercos.com/Desktop/research-javascript-test-smells/repositories/single-spa/spec/apps/invalid-load-function/invalid-load-function.spec.js,Magic Number,"{'line': 60, 'column': 42, 'index': 1602}","  58 |
  59 |     return singleSpa.triggerAppChange().then(() => {
> 60 |       expect(errs.length).toBeGreaterThan(0);
     |                                          ^ Magic Number
  61 |       expect(errs[0].appOrParcelName).toBe(""invalid-load-2"");
  62 |       expect(
  63 |         errs[0].message.indexOf("
/Users/gabriel.amaralmercos.com/Desktop/research-javascript-test-smells/repositories/single-spa/spec/apps/invalid-load-function/invalid-load-function.spec.js,Magic Number,"{'line': 86, 'column': 42, 'index': 2416}","  84 |
  85 |     return singleSpa.triggerAppChange().then(() => {
> 86 |       expect(errs.length).toBeGreaterThan(0);
     |                                          ^ Magic Number
  87 |       expect(errs[0].appOrParcelName).toBe(""invalid-load-3"");
  88 |       expect(
  89 |         errs[0].message.indexOf("
/Users/gabriel.amaralmercos.com/Desktop/research-javascript-test-smells/repositories/single-spa/spec/apps/invalid-load-function/invalid-load-function.spec.js,Magic Number,"{'line': 118, 'column': 42, 'index': 3474}","  116 |
  117 |     return singleSpa.triggerAppChange().then(() => {
> 118 |       expect(errs.length).toBeGreaterThan(0);
      |                                          ^ Magic Number
  119 |       expect(errs[0].appOrParcelName).toBe(""invalid-load-4"");
  120 |       expect(errs[0].message.indexOf(`It didn't load`)).toBeGreaterThan(-1);
  121 |"
/Users/gabriel.amaralmercos.com/Desktop/research-javascript-test-smells/repositories/single-spa/spec/apps/invalid-load-function/invalid-load-function.spec.js,Sleepy Test,"{'line': 124, 'column': 38, 'index': 3707}","  122 |       location.hash = ""#invalid-load-function-1"";
  123 |
> 124 |       return new Promise((resolve) => setTimeout(resolve, 201)).then(() =>
      |                                      ^ Sleepy Test
  125 |         singleSpa.triggerAppChange().then(() => {
  126 |           expect(singleSpa.getAppStatus(""invalid-load-4"")).toBe(
  127 |             singleSpa.NOT_BOOTSTRAPPED"
/Users/gabriel.amaralmercos.com/Desktop/research-javascript-test-smells/repositories/single-spa/spec/apps/happy-active-when/happy-active-when.spec.js,Conditional Test Logic,"{'line': 42, 'column': 4, 'index': 1183}","  40 |     ];
  41 |
> 42 |     for (let index = 0; index < validPaths.length; index++) {
     |    ^ Conditional Test Logic
  43 |       singleSpa.navigateToUrl(validPaths[index] + ""/anything/everything"");
  44 |       await singleSpa.triggerAppChange();
  45 |       expectMyAppToBeMounted();"
/Users/gabriel.amaralmercos.com/Desktop/research-javascript-test-smells/repositories/single-spa/spec/apps/delayed-start/delayed-start.spec.js,Duplicate Assert,"{'line': 21, 'column': 4, 'index': 572}","  19 |     });
  20 |
> 21 |     expect(singleSpa.getAppStatus(""delayed-start"")).toBe(singleSpa.NOT_LOADED);
     |    ^ Duplicate Assert
  22 |
  23 |     await tick();
  24 |"
/Users/gabriel.amaralmercos.com/Desktop/research-javascript-test-smells/repositories/single-spa/spec/apps/delayed-start/delayed-start.spec.js,Duplicate Assert,"{'line': 25, 'column': 4, 'index': 672}","  23 |     await tick();
  24 |
> 25 |     expect(singleSpa.getAppStatus(""delayed-start"")).toBe(
     |    ^ Duplicate Assert
  26 |       singleSpa.LOADING_SOURCE_CODE
  27 |     );
  28 |"
/Users/gabriel.amaralmercos.com/Desktop/research-javascript-test-smells/repositories/single-spa/spec/apps/delayed-start/delayed-start.spec.js,Duplicate Assert,"{'line': 31, 'column': 4, 'index': 815}","  29 |     await singleSpa.triggerAppChange();
  30 |
> 31 |     expect(singleSpa.getAppStatus(""delayed-start"")).toBe(
     |    ^ Duplicate Assert
  32 |       singleSpa.NOT_BOOTSTRAPPED
  33 |     );
  34 |"
/Users/gabriel.amaralmercos.com/Desktop/research-javascript-test-smells/repositories/single-spa/spec/apps/delayed-start/delayed-start.spec.js,Duplicate Assert,"{'line': 41, 'column': 4, 'index': 1126}","  39 |     // Before fixing https://github.com/single-spa/single-spa/issues/555,
  40 |     // this assertion failed - status was NOT_BOOTSTRAPPED
> 41 |     expect(singleSpa.getAppStatus(""delayed-start"")).toBe(singleSpa.MOUNTED);
     |    ^ Duplicate Assert
  42 |   });
  43 | });
  44 |"
/Users/gabriel.amaralmercos.com/Desktop/research-javascript-test-smells/repositories/single-spa/spec/apis/timeout-apis.spec.js,Conditional Test Logic,"{'line': 159, 'column': 4, 'index': 5125}","  157 |     expect(consoleWarnSpy).toHaveBeenCalled();
  158 |     const found = consoleWarnSpy.mock.calls.some((call) => call[0] === message);
> 159 |     if (!found) {
      |    ^ Conditional Test Logic
  160 |       expect(consoleWarnSpy).toHaveBeenCalledWith(message);
  161 |     }
  162 |   }"
/Users/gabriel.amaralmercos.com/Desktop/research-javascript-test-smells/repositories/single-spa/spec/apis/timeout-apis.spec.js,Conditional Test Logic,"{'line': 167, 'column': 4, 'index': 5374}","  165 |     expect(consoleErrSpy).toHaveBeenCalled();
  166 |     const found = consoleErrSpy.mock.calls.some((call) => call[0] === message);
> 167 |     if (!found) {
      |    ^ Conditional Test Logic
  168 |       expect(consoleErrSpy).toHaveBeenCalledWith(message);
  169 |     }
  170 |   }"
/Users/gabriel.amaralmercos.com/Desktop/research-javascript-test-smells/repositories/single-spa/spec/apis/single-spa-events-api.spec.js,Conditional Test Logic,"{'line': 114, 'column': 8, 'index': 2964}","  112 |       // If the counterFn had been called thrice, it means all listener be invoked.
  113 |       function doneIfAllListenerHadBeenInvoked() {
> 114 |         if (counterFn.mock.calls.length === 3) {
      |        ^ Conditional Test Logic
  115 |           process.off(""uncaughtException"", errHandler);
  116 |           finish();
  117 |         }"
/Users/gabriel.amaralmercos.com/Desktop/research-javascript-test-smells/repositories/single-spa/spec/apis/single-spa-events-api.spec.js,Conditional Test Logic,"{'line': 515, 'column': 8, 'index': 16281}","  513 |         expect(evt.detail.newUrl).toBe(""http://localhost/#/russell"");
  514 |
> 515 |         if (new URL(evt.detail.newUrl).hash === ""#/russell"") {
      |        ^ Conditional Test Logic
  516 |           evt.detail.cancelNavigation();
  517 |         }
  518 |       };"
/Users/gabriel.amaralmercos.com/Desktop/research-javascript-test-smells/repositories/single-spa/spec/apis/single-spa-events-api.spec.js,Conditional Test Logic,"{'line': 559, 'column': 8, 'index': 17694}","  557 |         expect(evt.detail.newUrl).toBe(""http://localhost/cancel-pushstate"");
  558 |
> 559 |         if (new URL(evt.detail.newUrl).pathname === ""/cancel-pushstate"") {
      |        ^ Conditional Test Logic
  560 |           evt.detail.cancelNavigation();
  561 |         }
  562 |       };"
/Users/gabriel.amaralmercos.com/Desktop/research-javascript-test-smells/repositories/single-spa/spec/apis/event-listeners.spec.js,Conditional Test Logic,"{'line': 11, 'column': 6, 'index': 343}","   9 |
  10 |     function hashchange() {
> 11 |       if (window.location.hash === ""#/a-new-hash"") hashchangeCalled = true;
     |      ^ Conditional Test Logic
  12 |
  13 |       checkTestComplete();
  14 |     }"
/Users/gabriel.amaralmercos.com/Desktop/research-javascript-test-smells/repositories/single-spa/spec/apis/event-listeners.spec.js,Conditional Test Logic,"{'line': 17, 'column': 6, 'index': 480}","  15 |
  16 |     function popstate() {
> 17 |       if (window.location.hash === ""#/a-new-hash"") popstateCalled = true;
     |      ^ Conditional Test Logic
  18 |
  19 |       checkTestComplete();
  20 |     }"
/Users/gabriel.amaralmercos.com/Desktop/research-javascript-test-smells/repositories/single-spa/spec/apis/event-listeners.spec.js,Conditional Test Logic,"{'line': 28, 'column': 6, 'index': 775}","  26 |
  27 |     function checkTestComplete() {
> 28 |       if (isIE()) {
     |      ^ Conditional Test Logic
  29 |         // https://developer.microsoft.com/en-us/microsoft-edge/platform/issues/3740423/
  30 |         cleanupAndFinish();
  31 |       } else if (hashchangeCalled && popstateCalled) {"
/Users/gabriel.amaralmercos.com/Desktop/research-javascript-test-smells/repositories/single-spa/spec/apis/event-listeners.spec.js,Conditional Test Logic,"{'line': 31, 'column': 13, 'index': 919}","  29 |         // https://developer.microsoft.com/en-us/microsoft-edge/platform/issues/3740423/
  30 |         cleanupAndFinish();
> 31 |       } else if (hashchangeCalled && popstateCalled) {
     |             ^ Conditional Test Logic
  32 |         // Wait for both hashchange and popstate events
  33 |         cleanupAndFinish();
  34 |       }"
/Users/gabriel.amaralmercos.com/Desktop/research-javascript-test-smells/repositories/single-spa/spec/apis/event-listeners.spec.js,Conditional Test Logic,"{'line': 78, 'column': 6, 'index': 2357}","  76 |
  77 |     function checkTestComplete() {
> 78 |       if (isIE()) {
     |      ^ Conditional Test Logic
  79 |         // https://developer.microsoft.com/en-us/microsoft-edge/platform/issues/3740423/
  80 |         cleanupAndFinish(); // popstate isn't ever going to be called
  81 |       } else if (hashchangeCalled && popstateCalled) {"
/Users/gabriel.amaralmercos.com/Desktop/research-javascript-test-smells/repositories/single-spa/spec/apis/event-listeners.spec.js,Conditional Test Logic,"{'line': 81, 'column': 13, 'index': 2543}","  79 |         // https://developer.microsoft.com/en-us/microsoft-edge/platform/issues/3740423/
  80 |         cleanupAndFinish(); // popstate isn't ever going to be called
> 81 |       } else if (hashchangeCalled && popstateCalled) {
     |             ^ Conditional Test Logic
  82 |         // Wait for both hashchange and popstate events
  83 |         cleanupAndFinish();
  84 |       }"
/Users/gabriel.amaralmercos.com/Desktop/research-javascript-test-smells/repositories/single-spa/spec/apis/delayed-start-popstate.spec.js,Conditional Test Logic,"{'line': 7, 'column': 4, 'index': 162}","   5 |
   6 |   function popstateListener(evt) {
>  7 |     if (evt.singleSpa) {
     |    ^ Conditional Test Logic
   8 |       numPopstates++;
   9 |     }
  10 |   }"
/Users/gabriel.amaralmercos.com/Desktop/research-javascript-test-smells/repositories/single-spa/node-spec/nodejs.spec.js,Unknown Test,"{'column': 4, 'line': 39}","  37 |     });
  38 |
> 39 |     it(""doesn't die if you call singleSpa.start()"", () => {
     |    ^ Unknown Test
  40 |       singleSpa.start();
  41 |     });
  42 |   });"
